year,revenue,netIncome,grossProfit,rdExpense,totalAssets,stockholdersEquity,epsDiluted,dividendsPerShare,employees,basis,flags
1911,,0.951,,,,,,,,"netIncome=net earnings of constituent companies, yr ended Apr 30 1911, before interest (CTR incorporated Jun 1911)",
1912,,0.541,,,,,,,,"netIncome=derived: 1913 net earnings less stated $93,769 YoY increase; approximate",
1913,,0.635,,,,,,,,"netIncome=net earnings = dividends $313,719 + $320,975 added to surplus",
1914,,0.49,,,,,,,,"netIncome=net earnings for year = balance carried to surplus $489,861.59 (no common/pref dividend deducted in 1914)",
1915,,0.691,,,,,,,,"netIncome=net profit for year (CTR, pre-tax era)",
1916,,1.207,,,,,,,,netIncome=net profit for year,
1917,,1.568,,,,,,,,netIncome=net profit for year (pre WWII excess-profits tax),
1918,,1.788,,,,,,,,netIncome=net profit for year,
1919,,2.127,,,,,,,,netIncome=net profit for year,
1920,,1.882,,,,,,,,netIncome=net income for year,
1921,,1.047,,,,,,,,netIncome=net income for year,
1922,,1.632,,,,,,,,netIncome=net income for year,
1923,,2.161,,,,,,,,netIncome=net income for year,
1924,,2.426,,,,,,,,netIncome=net income for year,
1925,,3.204,,,,,,,,netIncome=net income for year,
1926,,4.216,,,,,,,,netIncome=net income for year (incl. foreign subs),
1927,,4.935,,,,,,,,netIncome=net income for year (incl. foreign subs),
1928,,5.939,,,,,,,,"netIncome=net income for year, pre federal tax ($0.575M tax); after-tax ~5.364",
1929,,6.706,,,,,,,,netIncome=net income after federal taxes,
1930,,7.336,,,,,,,,"netIncome=net income after federal taxes (derived from $11.50/sh x 637,954 sh; pre-tax $8.158M)",
1931,,7.423,,,,,,,,netIncome=net income after federal taxes,
1932,,6.378,,,,,,,,netIncome=net income after federal taxes,
1933,,5.736,,,,,,,,netIncome=net income after federal taxes,
1934,,6.597,,,,,,,,netIncome=net profit for the year (incl. foreign subs),
1935,,7.091,,,,,,,,netIncome=net income for the year (incl. foreign subs),
1936,,7.553,,,,,,,,netIncome=net income for the year,
1937,,8.083,,,,,,,,netIncome=net profit after estimated federal taxes ($10.413M pre-tax less $2.330M taxes); approximate,
1938,,8.66,,,,,,,,netIncome=net profit for the year,
1939,,9.093,,,,,,,,netIncome=net profit for the year,
1940,44.882,9.431,,,,,,,,"revenue=US gross income from sales, service & rentals; netIncome=net income for the year after US federal income taxes",
1941,60.487,9.845,,,,,,,,"revenue=US gross income from sales, service & rentals; netIncome=net income for the year after US federal income taxes",
1942,85.716,8.319,,,,,,,,"revenue=US gross income from sales, service & rentals; netIncome=net income for the year after US federal income taxes (WWII excess-profits taxes)",
1943,131.272,9.205,,,,,,,,"revenue=US gross income from sales, service & rentals; netIncome=net income for the year after taxes (NOT the $36.97M pre-tax figure)",
1944,139.665,9.711,,,,,,,,"revenue=US gross income from sales, service & rentals; netIncome=net income for the year after taxes",
1945,138.166,10.894,,,,,,,,"revenue=US gross income from sales, service & rentals; netIncome=net income for the year after taxes",
1946,115.645,18.766,,,,,,,,"revenue=US gross income from sales, service & rentals; netIncome=net income for the year after taxes",
1947,139.404,23.554,,,,,,,,"revenue=US gross income from sales, service & rentals; netIncome=net income for the year after taxes",
1948,156.398,28.101,,,,,,,,"revenue=US gross income from sales, service & rentals; netIncome=net income for the year after taxes",
1949,183.465,33.277,,,,,,,,"revenue=US gross income from sales, service & rentals; netIncome=net income for the year after taxes",
1950,214.917,33.301,,,,,,,,"revenue=US domestic gross income; netIncome=US domestic, after tax",
1951,266.798,27.892,,,,,,,,"revenue=US domestic gross income; netIncome=US domestic, after tax",
1952,333.728,29.875,,,,,,,,"revenue=US domestic gross income; netIncome=US domestic, after tax",
1953,409.989,34.119,,,,,,,,"revenue=US domestic gross income; netIncome=US domestic, after tax",
1954,461.35,46.537,,,,,,,,"revenue=US domestic gross income; netIncome=US domestic, after tax",
1955,563.549,55.873,,,,,,,,"revenue=US domestic gross income; netIncome=US domestic, after tax",
1956,734.34,68.785,,,,,,,,"revenue=US domestic gross income; netIncome=US domestic, after tax",
1957,1000.432,89.292,,,,,,,60281.0,"revenue=US domestic gross income; netIncome=US domestic, after tax",
1958,1171.788,126.192,,,,,,,61159.0,"revenue=US domestic gross income; netIncome=US domestic, after tax",
1959,1309.788,145.633,,,,,,,,"revenue=US domestic gross income; netIncome=US domestic, after tax",
1960,1816.888,204.916,,,,,,,,revenue=worldwide consolidated gross income; netIncome=worldwide consolidated net earnings,
1961,2202.465,254.119,,,,,,,,revenue=worldwide consolidated gross income; netIncome=worldwide consolidated net earnings,
1962,2591.269,304.726,,,,,,,,revenue=worldwide consolidated gross income; netIncome=worldwide consolidated net earnings,
1963,2862.733,364.255,,,,,,,,revenue=worldwide consolidated gross income; netIncome=worldwide consolidated net earnings,
1964,3239.36,431.16,,,,,,,,revenue=worldwide consolidated gross income; netIncome=worldwide consolidated net earnings,
1965,3572.825,476.902,,,,,,,,revenue=worldwide consolidated gross income; netIncome=worldwide consolidated net earnings,
1966,4247.706,526.13,,,,,,,,revenue=worldwide consolidated gross income; netIncome=worldwide consolidated net earnings,netIncome:anchor_overrode_md(651.0->526.13)
1967,5545.291,651.5,,,,,,,,revenue=worldwide consolidated gross income; netIncome=worldwide consolidated net earnings,
1968,6888.549,871.498,,,,,,,,revenue=worldwide consolidated gross income; netIncome=worldwide consolidated net earnings,
1969,7197.295,933.873,,,,,,,269291.0,revenue=worldwide consolidated gross income; netIncome=worldwide consolidated net earnings,netIncome:anchor_overrode_md(1017.0->933.873)
1970,7503.96,1017.521,,,,,7.13,,,revenue=worldwide consolidated total gross income; netIncome=worldwide net earnings,
1971,8273.603,1078.847,,,,,7.5,,,revenue=worldwide consolidated total gross income; netIncome=worldwide net earnings,
1972,9532.593,1279.268,,,,,8.83,,274108.0,revenue=worldwide consolidated total gross income; netIncome=worldwide net earnings,
1973,10993.242,1575.467,,,,,10.79,,292350.0,revenue=worldwide consolidated total gross income; netIncome=worldwide net earnings,
1974,12675.292,1837.639,,,,,12.47,,288647.0,revenue=worldwide consolidated total gross income; netIncome=worldwide net earnings,
1975,14437,1989.877,,,,,,,131709.0,revenue=worldwide consolidated gross income; netIncome=worldwide net earnings after tax,
1976,16304,2398,,,,,,,133597.0,revenue=worldwide consolidated gross income; netIncome=worldwide net earnings after tax,revenue:anchor_overrode_md(20789.0->16304)
1977,18133.184,2719.414,,,,,18.3,,133212.0,revenue=worldwide consolidated total gross income; netIncome=worldwide net earnings,
1978,21076.089,3110.568,,,20771.0,12618.0,21.29,,,revenue=worldwide consolidated total gross income; netIncome=worldwide net earnings,"netIncome:disagree:2719.0vs[355.0, 1612.0]|revenue:anchor_overrode_md(23449.0->21076.089)|netIncome:anchor_overrode_md(2719.0->3110.568)"
1979,22863,3011,,,24530.0,14961.0,,,,revenue=worldwide consolidated gross income; netIncome=worldwide net earnings,"revenue:disagree:30403.0vs[26213.0]|netIncome:disagree:301.0vs[3562.0, 172.5]|stockholdersEquity:disagree:14961.0vs[13494.0, 16453.0]|revenue:anchor_overrode_md(30403.0->22863)|netIncome:anchor_overrode_md(301.0->3011)"
1980,26213,3397,,,26831,16578,5.82,3.44,146.973,revenue=worldwide consolidated gross income; netIncome=net earnings,"revenue:disagree:33043.0vs[31694.0, 13787.0, 29070.0]|netIncome:disagree:3397.0vs[3562.0, 3688.0, 3308.0]|totalAssets:disagree:26831.0vs[2683.0]|revenue:anchor_overrode_md(33043.0->26213)"
1981,29070,3610,,,29107,17676,6.14,3.44,149.794,revenue=worldwide consolidated gross income (reclassified to 1984 basis); netIncome=net earnings,"revenue:disagree:13982.0vs[34384.0, 33199.0]|netIncome:disagree:1541.0vs[9867.0, 3861.0]|stockholdersEquity:disagree:17676.0vs[16453.0]|dividendsPerShare:disagree:4.0vs[3.0]|revenue:anchor_overrode_md(13982.0->29070)|netIncome:anchor_overrode_md(1541.0->3610)"
1982,34364,4409,,,32541,19960,7.39,3.44,150444.0,revenue=worldwide consolidated gross income (reclassified to 1984 basis); netIncome=net earnings,"revenue:disagree:34364.0vs[38298.0, 36979.0, 35469.0]|netIncome:disagree:4409.0vs[1649.0]"
1983,40180,5485,,,37461,23219,9.04,3.71,150944.0,revenue=worldwide consolidated gross income; netIncome=net earnings,"revenue:disagree:40180.0vs[17053.0, 43385.0]|netIncome:disagree:5485.0vs[3296.0]|totalAssets:disagree:37243.0vs[37461.0, 137461.0]|dividendsPerShare:disagree:4.0vs[3.0]"
1984,45937,6582,,,42808,26489,10.77,4.1,156042.0,revenue=worldwide consolidated gross income; netIncome=net earnings,"revenue:disagree:18566.0vs[45937.0, 4821.0, 47576.0]|netIncome:disagree:6582.0vs[3981.0]|totalAssets:disagree:3499.0vs[42808.0]|revenue:anchor_overrode_md(18566.0->45937)|totalAssets:anchor_overrode_md(3499.0->42808)"
1985,50718,6555,,,56983,31990,10.67,4.4,,revenue=worldwide consolidated revenue; netIncome=net earnings; epsDiluted=primary EPS,netIncome:disagree:6555.0vs[3450.0]|totalAssets:anchor_overrode_md(52634.0->56983)
1986,52160,4789,,,63020,34374,7.81,4.4,,revenue=worldwide consolidated revenue; netIncome=net earnings,totalAssets:anchor_overrode_md(57814.0->63020)
1987,55256,5258,,,70029,38263,8.72,4.4,,revenue=worldwide consolidated revenue; netIncome=net earnings,totalAssets:disagree:63688.0vs[8567.0]|totalAssets:anchor_overrode_md(63688.0->70029)
1988,59681,5806,,,73037,39509,9.8,4.4,387112.0,revenue=worldwide consolidated revenue; netIncome=net earnings incl. +315 cumulative accounting change,"netIncome:disagree:5806.0vs[5741.0]|totalAssets:disagree:73037.0vs[63020.0]|stockholdersEquity:disagree:39509.0vs[39293.0, 34374.0]"
1989,62710,3758,,,77734,38509,6.47,4.73,,revenue=worldwide consolidated revenue; netIncome=net earnings,netIncome:disagree:3722.0vs[3758.0]|totalAssets:disagree:77734.0vs[70029.0]
1990,68931,6020,,6554.0,87568,42553.0,10.42,4.84,,"revenue=worldwide consolidated revenue; netIncome=net earnings as originally reported (1994 5-yr restates to 5,967 after accounting changes)","netIncome:disagree:6020.0vs[5967.0, 159.0]|totalAssets:disagree:87568.0vs[73037.0]|stockholdersEquity:disagree:42553.0vs[39509.0]"
1991,64766,-2861,,6644.0,92473,36679.0,-5.01,4.84,10963.0,revenue=worldwide consolidated revenue; netIncome=net loss after accounting changes,revenue:disagree:64766.0vs[40358.0]|netIncome:disagree:-2827.0vs[-2861.0]|totalAssets:disagree:92473.0vs[20681.0]
1992,64523,-4965,,6522.0,86705,27624.0,-8.7,4.84,15776.0,revenue=worldwide consolidated revenue; netIncome=net loss after accounting changes,revenue:disagree:64523.0vs[6111.0]
1993,62716,-8101,,5558.0,81113,19738.0,-14.22,1.58,,revenue=worldwide consolidated revenue; netIncome=net loss after accounting changes,epsDiluted:anchor_overrode_md(-7.11->-14.22)
1994,64052,3021,,4363.0,81091,23413.0,5.02,1.0,,revenue=worldwide consolidated revenue; netIncome=net earnings,revenue:disagree:64052.0vs[32344.0]|netIncome:disagree:3021.0vs[707.0]|epsDiluted:anchor_overrode_md(2.48->5.02)
1995,71940,4178,,4170.0,80292,22423.0,1.76,0.25,,revenue=worldwide consolidated revenue; epsDiluted=split-adjusted,"revenue:disagree:71940.0vs[75947.0, 35600.0]|netIncome:disagree:4178.0vs[5429.0]|stockholdersEquity:disagree:22423.0vs[58054.0]|epsDiluted:disagree:1.76vs[3.53, 5.01]"
1996,75947,5429,,4654.0,81132,21628.0,2.5,0.325,,revenue=worldwide consolidated revenue; epsDiluted=split-adjusted,"revenue:disagree:75947.0vs[6981.0, 11426.0, 78508.0]|netIncome:disagree:5429.0vs[6093.0]|stockholdersEquity:disagree:21628.0vs[57957.0, 31793.0]|epsDiluted:disagree:2.5vs[5.12, 6.01]|epsBasic:disagree:2.56vs[5.12]"
1997,78508,6093,,4877.0,81499,19816.0,3.0,0.3875,269465.0,revenue=worldwide consolidated revenue; epsDiluted=split-adjusted,"revenue:disagree:78508.0vs[36630.0]|stockholdersEquity:disagree:19816.0vs[21628.0, 35444.0]|epsDiluted:disagree:3.0vs[6.01]|epsBasic:disagree:3.09vs[6.18]"
1998,81667,6328,,5046.0,86100,19433.0,3.29,0.43,291067.0,revenue=worldwide consolidated revenue; epsDiluted=split-adjusted,"revenue:disagree:81667.0vs[77548.0, 2877.0]|totalAssets:disagree:86100.0vs[88160.0]|stockholdersEquity:disagree:19433.0vs[40109.0]|epsDiluted:disagree:3.29vs[6.57]|epsBasic:disagree:3.38vs[6.75]|revenue:5yr_restated_or_disagree:orig=81667.0(1998);later=[{'value': 77548.0, 'firstReport': 2002}]|totalAssets:5yr_restated_or_disagree:orig=86100.0(1998);later=[{'value': 88160.0, 'firstReport': 2002}]|epsBasic:5yr_restated_or_disagree:orig=3.38(1999);later=[{'value': 2.92, 'firstReport': 2002}]|epsDiluted:5yr_restated_or_disagree:orig=3.29(1999);later=[{'value': 2.84, 'firstReport': 2002}]"
1999,87548,7712,,5273.0,87495,20511.0,4.12,0.47,307401.0,revenue=worldwide consolidated revenue; epsDiluted=split-adjusted,"revenue:disagree:87548.0vs[83334.0, 3137.0]|totalAssets:disagree:87495.0vs[89571.0]|rdExpense:disagree:5273.0vs[5505.0]|revenue:5yr_restated_or_disagree:orig=87548.0(1999);later=[{'value': 83334.0, 'firstReport': 2002}]|totalAssets:5yr_restated_or_disagree:orig=87495.0(1999);later=[{'value': 89571.0, 'firstReport': 2002}]|epsBasic:5yr_restated_or_disagree:orig=4.25(1999);later=[{'value': 4.06, 'firstReport': 2002}]|epsDiluted:5yr_restated_or_disagree:orig=4.12(1999);later=[{'value': 3.93, 'firstReport': 2002}]"
2000,88396.0,8093.0,,5084.0,88349.0,20624.0,4.44,0.51,,,"revenue:disagree:85089.0vs[3465.0, 88396.0]|totalAssets:disagree:88349.0vs[90412.0]|rdExpense:disagree:5084.0vs[5374.0]|epsDiluted:disagree:4.44vs[4.32]|epsBasic:disagree:4.58vs[4.45]|revenue:5yr_restated_or_disagree:orig=88396.0(2000);later=[{'value': 85089.0, 'firstReport': 2002}]|totalAssets:5yr_restated_or_disagree:orig=88349.0(2000);later=[{'value': 90412.0, 'firstReport': 2002}]|epsBasic:5yr_restated_or_disagree:orig=4.58(2000);later=[{'value': 4.45, 'firstReport': 2002}]|epsDiluted:5yr_restated_or_disagree:orig=4.44(2000);later=[{'value': 4.32, 'firstReport': 2002}]"
2001,85866.0,7723.0,,4986.0,88313.0,23448.0,4.35,0.55,319876.0,,"revenue:disagree:83067.0vs[85866.0]|totalAssets:disagree:90303.0vs[88313.0]|stockholdersEquity:disagree:23448.0vs[23614.0]|rdExpense:disagree:4986.0vs[5290.0]|epsDiluted:disagree:4.59vs[4.35]|epsBasic:disagree:4.69vs[4.45]|revenue:5yr_restated_or_disagree:orig=85866.0(2001);later=[{'value': 83067.0, 'firstReport': 2002}]|totalAssets:5yr_restated_or_disagree:orig=88313.0(2001);later=[{'value': 90303.0, 'firstReport': 2002}]|epsBasic:5yr_restated_or_disagree:orig=4.45(2001);later=[{'value': 4.69, 'firstReport': 2002}]|epsDiluted:5yr_restated_or_disagree:orig=4.35(2001);later=[{'value': 4.59, 'firstReport': 2002}]"
2002,81186.0,3579.0,,4750.0,96484.0,22782.0,3.07,0.59,315889.0,,"netIncome:disagree:3579.0vs[2376.0]|totalAssets:disagree:96484.0vs[97814.0]|stockholdersEquity:disagree:22782.0vs[24112.0]|netIncome:5yr_restated_or_disagree:orig=3579.0(2002);later=[{'value': 2376.0, 'firstReport': 2006}]|totalAssets:5yr_restated_or_disagree:orig=96484.0(2002);later=[{'value': 97814.0, 'firstReport': 2006}]|epsBasic:5yr_restated_or_disagree:orig=3.13(2002);later=[{'value': 2.44, 'firstReport': 2006}]|epsDiluted:5yr_restated_or_disagree:orig=3.07(2002);later=[{'value': 2.43, 'firstReport': 2006}]"
2003,89131.0,7583.0,,5077.0,104457.0,27864.0,4.34,0.63,319273.0,,"netIncome:disagree:7583.0vs[6558.0]|totalAssets:disagree:104457.0vs[106021.0]|stockholdersEquity:disagree:27864.0vs[29531.0]|epsDiluted:disagree:3.74vs[4.34]|epsBasic:disagree:4.42vs[3.81]|netIncome:5yr_restated_or_disagree:orig=7583.0(2003);later=[{'value': 6558.0, 'firstReport': 2006}]|totalAssets:5yr_restated_or_disagree:orig=104457.0(2003);later=[{'value': 106021.0, 'firstReport': 2006}]|epsBasic:5yr_restated_or_disagree:orig=4.42(2003);later=[{'value': 3.83, 'firstReport': 2006}]|epsDiluted:5yr_restated_or_disagree:orig=4.34(2003);later=[{'value': 3.76, 'firstReport': 2006}]"
2004,96293.0,8430.0,,5874,109183.0,31688.0,4.94,0.7,,,"revenue:disagree:3894.0vs[96293.0]|netIncome:disagree:7479.0vs[8430.0]|totalAssets:disagree:111003.0vs[109183.0]|stockholdersEquity:disagree:31688.0vs[29747.0]|netIncome:5yr_restated_or_disagree:orig=8430.0(2004);later=[{'value': 7479.0, 'firstReport': 2006}]|totalAssets:5yr_restated_or_disagree:orig=109183.0(2004);later=[{'value': 111003.0, 'firstReport': 2006}]|epsBasic:5yr_restated_or_disagree:orig=5.04(2004);later=[{'value': 4.48, 'firstReport': 2006}]|epsDiluted:5yr_restated_or_disagree:orig=4.94(2004);later=[{'value': 4.39, 'firstReport': 2006}]"
2005,91134.0,7934.0,,5842,105748.0,33098.0,4.91,0.78,,,"revenue:disagree:91134.0vs[3907.0]|rdExpense:anchor_overrode_md(107.0->5842)|epsBasic:5yr_restated_or_disagree:orig=4.99(2006);later=[{'value': 4.97, 'firstReport': 2009}]"
2006,91424.0,9492.0,,6107.0,103234.0,28506.0,6.06,1.1,355766.0,,"revenue:disagree:91424.0vs[3892.0]|epsBasic:5yr_restated_or_disagree:orig=6.15(2006);later=[{'value': 6.13, 'firstReport': 2009}]"
2007,98786.0,10418.0,,6153.0,120431.0,28615.0,7.18,1.5,386558.0,,"stockholdersEquity:disagree:28615.0vs[28470.0]|epsDiluted:disagree:7.15vs[7.18]|epsBasic:5yr_restated_or_disagree:orig=7.32(2008);later=[{'value': 7.27, 'firstReport': 2009}]|epsDiluted:5yr_restated_or_disagree:orig=7.18(2008);later=[{'value': 7.15, 'firstReport': 2009}]"
2008,103630.0,12334.0,,6337.0,109524.0,13584.0,8.93,1.9,398455.0,,"stockholdersEquity:disagree:13584.0vs[13465.0]|epsDiluted:disagree:8.89vs[8.93]|epsBasic:5yr_restated_or_disagree:orig=9.07(2008);later=[{'value': 9.02, 'firstReport': 2009}]|epsDiluted:5yr_restated_or_disagree:orig=8.93(2008);later=[{'value': 8.89, 'firstReport': 2009}]"
2009,95758.0,13425.0,,,109022.0,22755.0,10.01,2.15,399409.0,,revenue:disagree:95758.0vs[4076.0]
2010,99870.0,14833.0,,,113452.0,23172.0,11.52,2.5,426751.0,,"revenue:disagree:99870.0vs[98018.0]|revenue:5yr_restated_or_disagree:orig=99870.0(2010);later=[{'value': 98018.0, 'firstReport': 2014}]|epsBasic:5yr_restated_or_disagree:orig=11.69(2010);later=[{'value': 11.89, 'firstReport': 2014}]|epsDiluted:5yr_restated_or_disagree:orig=11.52(2010);later=[{'value': 11.71, 'firstReport': 2014}]"
2011,106916.0,15855.0,,,116433.0,20236.0,13.06,2.9,433362.0,,"revenue:disagree:106916.0vs[105056.0, 4195.0]|revenue:5yr_restated_or_disagree:orig=106916.0(2011);later=[{'value': 105056.0, 'firstReport': 2014}]|epsBasic:5yr_restated_or_disagree:orig=13.25(2011);later=[{'value': 13.46, 'firstReport': 2014}]|epsDiluted:5yr_restated_or_disagree:orig=13.06(2011);later=[{'value': 13.27, 'firstReport': 2014}]"
2012,104507.0,16604.0,,5816.0,119213.0,18984.0,14.37,3.3,434246.0,,"revenue:disagree:104507.0vs[102874.0, 4073.0]|revenue:5yr_restated_or_disagree:orig=104507.0(2012);later=[{'value': 102874.0, 'firstReport': 2014}]|epsBasic:5yr_restated_or_disagree:orig=14.53(2012);later=[{'value': 14.88, 'firstReport': 2014}]|epsDiluted:5yr_restated_or_disagree:orig=14.37(2012);later=[{'value': 14.71, 'firstReport': 2014}]"
2013,99751.0,16483.0,,5743.0,126223.0,22929.0,14.94,3.7,431212.0,,"revenue:disagree:98367.0vs[99751.0]|epsBasic:disagree:15.06vs[15.42]|revenue:5yr_restated_or_disagree:orig=99751.0(2013);later=[{'value': 98367.0, 'firstReport': 2014}]|epsBasic:5yr_restated_or_disagree:orig=15.06(2013);later=[{'value': 15.42, 'firstReport': 2014}]|epsDiluted:5yr_restated_or_disagree:orig=14.94(2013);later=[{'value': 15.3, 'firstReport': 2014}]"
2014,92793.0,12022.0,,5437.0,117532.0,12014.0,11.9,4.25,,sharesOutstandingM=weighted-average diluted,revenue:disagree:92793.0vs[4522.0]|epsBasic:anchor_overrode_md(15.68->11.97)|epsDiluted:anchor_overrode_md(15.59->11.9)
2015,81741.0,13190.0,,5247.0,110495.0,14424.0,13.42,5.0,,sharesOutstandingM=weighted-average diluted,
2016,79919.0,11872.0,,5751.0,117470.0,18392.0,12.38,5.5,,sharesOutstandingM=weighted-average diluted,revenue:disagree:79919.0vs[3494.0]
2017,79139.0,5753.0,,5590.0,125356.0,17725.0,6.14,5.9,,sharesOutstandingM=weighted-average diluted,revenue:disagree:79139.0vs[3168.0]|rdExpense:disagree:5590.0vs[5787.0]
2018,79591.0,8728.0,,5379.0,123382.0,16929.0,9.52,,,sharesOutstandingM=weighted-average diluted,
2019,77147,9431,,5989.0,152186.0,20985.0,10.56,,,revenue=worldwide consolidated revenue; sharesOutstandingM=weighted-average diluted,revenue:disagree:77147.0vs[57714.0]
2020,73620,5590,,,155971.0,20727.0,6.23,,,revenue=worldwide consolidated revenue; sharesOutstandingM=weighted-average diluted,revenue:disagree:55179.0vs[73620.0]|epsBasic:disagree:6.18vs[4.42]|revenue:anchor_overrode_md(55179.0->73620)
2021,57351,5743,,6488.0,132001.0,18996.0,6.35,,,revenue=worldwide consolidated revenue (post-Kyndryl spinoff); sharesOutstandingM=weighted-average diluted,epsBasic:anchor_overrode_md(5.26->6.41)
2022,60530,1639,,6567.0,127243.0,22021.0,1.8,,,revenue=worldwide consolidated revenue; sharesOutstandingM=weighted-average diluted,
2023,61860,7502,,6775.0,135241.0,22613.0,8.14,,,revenue=worldwide consolidated revenue; sharesOutstandingM=weighted-average diluted,
2024,62753,6023,,7479,137175.0,27393.0,6.43,,,revenue=worldwide consolidated revenue; sharesOutstandingM=weighted-average diluted,
2025,67535,10593,39297,8316,151880.0,32740.0,11.17,,,revenue=worldwide consolidated revenue; sharesOutstandingM=weighted-average diluted,
