year	pages	chars/pg	MB	layer	relpath
1912	16	1059	6.8	TEXT	1912 - 1919\IBM_Annual-Reports_1912-03-31.pdf
1912	9	688	3.8	TEXT	1912 - 1919\IBM_Annual-Reports_1912-12-31.pdf
1913	11	776	4.4	TEXT	1912 - 1919\IBM_Annual-Reports_1913.pdf
1914	11	712	6.1	TEXT	1912 - 1919\IBM_Annual-Reports_1914.pdf
1915	9	862	4.1	TEXT	1912 - 1919\IBM_Annual-Reports_1915.pdf
1916	11	880	5.0	TEXT	1912 - 1919\IBM_Annual-Reports_1916.pdf
1917	11	954	5.1	TEXT	1912 - 1919\IBM_Annual-Reports_1917.pdf
1918	11	968	5.3	TEXT	1912 - 1919\IBM_Annual-Reports_1918.pdf
1919	11	786	5.0	TEXT	1912 - 1919\IBM_Annual-Reports_1919.pdf
1920	11	964	5.6	TEXT	1920 - 1929\IBM_Annual-Reports_1920.pdf
1921	11	869	5.2	TEXT	1920 - 1929\IBM_Annual-Reports_1921.pdf
1922	11	874	5.3	TEXT	1920 - 1929\IBM_Annual-Reports_1922.pdf
1923	11	1102	8.3	TEXT	1920 - 1929\IBM_Annual-Reports_1923.pdf
1924	11	776	7.5	TEXT	1920 - 1929\IBM_Annual-Reports_1924.pdf
1925	11	837	7.6	TEXT	1920 - 1929\IBM_Annual-Reports_1925.pdf
1926	11	917	8.4	TEXT	1920 - 1929\IBM_Annual-Reports_1926.pdf
1927	11	830	5.4	TEXT	1920 - 1929\IBM_Annual-Reports_1927.pdf
1928	11	951	5.6	TEXT	1920 - 1929\IBM_Annual-Reports_1928.pdf
1929	11	894	5.6	TEXT	1920 - 1929\IBM_Annual-Reports_1929.pdf
1930	11	908	6.8	TEXT	1930 -1939\IBM_Annual-Reports_1930.pdf
1931	11	1013	6.8	TEXT	1930 -1939\IBM_Annual-Reports_1931.pdf
1932	11	1019	5.5	TEXT	1930 -1939\IBM_Annual-Reports_1932.pdf
1933	13	1126	8.7	TEXT	1930 -1939\IBM_Annual-Reports_1933.pdf
1934	13	908	8.0	TEXT	1930 -1939\IBM_Annual-Reports_1934.pdf
1935	13	912	8.2	TEXT	1930 -1939\IBM_Annual-Reports_1935.pdf
1936	13	1146	7.5	TEXT	1930 -1939\IBM_Annual-Reports_1936.pdf
1937	13	934	6.9	TEXT	1930 -1939\IBM_Annual-Reports_1937.pdf
1938	13	786	7.2	TEXT	1930 -1939\IBM_Annual-Reports_1938.pdf
1939	14	972	8.7	TEXT	1930 -1939\IBM_Annual-Reports_1939.pdf
1940	13	1023	8.2	TEXT	1940 - 1949\IBM_Annual-Reports_1940.pdf
1941	13	1137	8.0	TEXT	1940 - 1949\IBM_Annual-Reports_1941.pdf
1942	13	1270	8.8	TEXT	1940 - 1949\IBM_Annual-Reports_1942.pdf
1943	13	1283	8.8	TEXT	1940 - 1949\IBM_Annual-Reports_1943.pdf
1944	13	1189	7.9	TEXT	1940 - 1949\IBM_Annual-Reports_1944.pdf
1945	17	1161	9.7	TEXT	1940 - 1949\IBM_Annual-Reports_1945.pdf
1946	15	1023	8.2	TEXT	1940 - 1949\IBM_Annual-Reports_1946.pdf
1947	16	1131	9.4	TEXT	1940 - 1949\IBM_Annual-Reports_1947.pdf
1948	16	1024	8.1	TEXT	1940 - 1949\IBM_Annual-Reports_1948.pdf
1949	16	1258	9.2	TEXT	1940 - 1949\IBM_Annual-Reports_1949.pdf
1950	16	1171	9.0	TEXT	1950 - 1959\IBM_Annual-Reports_1950.pdf
1951	18	1044	9.4	TEXT	1950 - 1959\IBM_Annual-Reports_1951.pdf
1952	18	1033	9.9	TEXT	1950 - 1959\IBM_Annual-Reports_1952.pdf
1953	18	1079	10.0	TEXT	1950 - 1959\IBM_Annual-Reports_1953.pdf
1954	22	996	11.2	TEXT	1950 - 1959\IBM_Annual-Reports_1954.pdf
1955	24	1095	29.2	TEXT	1950 - 1959\IBM_Annual-Reports_1955.pdf
1956	30	1425	30.7	TEXT	1950 - 1959\IBM_Annual-Reports_1956.pdf
1957	36	867	30.3	TEXT	1950 - 1959\IBM_Annual-Reports_1957.pdf
1958	37	868	47.4	TEXT	1950 - 1959\IBM_Annual-Reports_1958.pdf
1959	45	696	58.9	TEXT	1950 - 1959\IBM_Annual-Reports_1959.pdf
1960	38	795	67.9	TEXT	1960 - 1969\IBM_Annual-Reports_1960.pdf
1961	38	479	49.9	TEXT	1960 - 1969\IBM_Annual-Reports_1961.pdf
1962	33	1209	37.4	TEXT	1960 - 1969\IBM_Annual-Reports_1962.pdf
1963	35	1459	29.9	TEXT	1960 - 1969\IBM_Annual-Reports_1963.pdf
1964	42	1681	46.8	TEXT	1960 - 1969\IBM_Annual-Reports_1964.pdf
1965	43	1262	48.5	TEXT	1960 - 1969\IBM_Annual-Reports_1965.pdf
1966	41	1332	60.0	TEXT	1960 - 1969\IBM_Annual-Reports_1966.pdf
1967	38	1632	43.4	TEXT	1960 - 1969\IBM_Annual-Reports_1967.pdf
1968	57	1352	31.5	TEXT	1960 - 1969\IBM_Annual-Reports_1968.pdf
1969	56	1429	37.1	TEXT	1960 - 1969\IBM_Annual-Reports_1969.pdf
1970	34	1131	36.7	TEXT	1970 - 1979\IBM_Annual-Reports_1970.pdf
1971	35	1465	40.1	TEXT	1970 - 1979\IBM_Annual-Reports_1971.pdf
1972	36	2204	34.7	TEXT	1970 - 1979\IBM_Annual-Reports_1972.pdf
1973	35	1906	36.2	TEXT	1970 - 1979\IBM_Annual-Reports_1973.pdf
1974	36	1391	39.5	TEXT	1970 - 1979\IBM_Annual-Reports_1974.pdf
1975	36	2474	57.0	TEXT	1970 - 1979\IBM_Annual-Reports_1975.pdf
1976	35	1538	36.0	TEXT	1970 - 1979\IBM_Annual-Reports_1976.pdf
1977	39	1972	43.0	TEXT	1970 - 1979\IBM_Annual-Reports_1977.pdf
1978	40	1976	40.4	TEXT	1970 - 1979\IBM_Annual-Reports_1978.pdf
1979	43	1541	43.8	TEXT	1970 - 1979\IBM_Annual-Reports_1979.pdf
1980	46	2413	55.6	TEXT	1980 -1989\IBM_Annual-Reports_1980.pdf
1981	52	2176	54.6	TEXT	1980 -1989\IBM_Annual-Reports_1981.pdf
1982	49	2145	55.9	TEXT	1980 -1989\IBM_Annual-Reports_1982.pdf
1983	52	1755	57.1	TEXT	1980 -1989\IBM_Annual-Reports_1983.pdf
1984	47	2009	65.3	TEXT	1980 -1989\IBM_Annual-Reports_1984.pdf
1984	46	2093	61.9	TEXT	1980 -1989\IBM_Annual-Reports_1984old.pdf
1985	45	2394	52.1	TEXT	1980 -1989\IBM_Annual-Reports_1985.pdf
1986	45	2137	55.3	TEXT	1980 -1989\IBM_Annual-Reports_1986.pdf
1987	43	1758	50.3	TEXT	1980 -1989\IBM_Annual-Reports_1987.pdf
1988	57	2395	64.9	TEXT	1980 -1989\IBM_Annual-Reports_1988.pdf
1989	51	2722	60.5	TEXT	1980 -1989\IBM_Annual-Reports_1989.pdf
1990	67	932	49.9	TEXT	1990 - 1999\IBM_Annual-Reports_1990.pdf
1991	62	1163	41.9	TEXT	1990 - 1999\IBM_Annual-Reports_1991.pdf
1992	74	1448	54.9	TEXT	1990 - 1999\IBM_Annual-Reports_1992.pdf
1993	65	1655	49.8	TEXT	1990 - 1999\IBM_Annual-Reports_1993.pdf
1994	84	1571	71.3	TEXT	1990 - 1999\IBM_Annual-Reports_1994.pdf
1995	80	1978	85.9	TEXT	1990 - 1999\IBM_Annual-Reports_1995.pdf
1996	79	2306	93.7	TEXT	1990 - 1999\IBM_Annual-Reports_1996.pdf
1997	84	1341	4.9	TEXT	1990 - 1999\ibm1997.pdf
1998	96	1397	3.2	TEXT	1990 - 1999\ibm1998.pdf
1999	100	1731	10.2	TEXT	1990 - 1999\ibm1999.pdf
2000	100	1589	6.7	TEXT	2000 - 2025\00  2000_IBM_AR.pdf
2001	112	1904	3.2	TEXT	2000 - 2025\01 ibm2001.pdf
2002	112	130	4.5	SCANNED	2000 - 2025\02  2002_ibm_ar.pdf
2003	128	1810	6.4	TEXT	2000 - 2025\03 2003_ibm_ar.pdf
2004	100	2229	1.4	TEXT	2000 - 2025\04 2004_ibm_annual.pdf
2005	105	2568	3.1	TEXT	2000 - 2025\05 2005_ibm_annual.pdf
2006	124	2366	6.5	TEXT	2000 - 2025\06 2006_ibm_annual.pdf
2007	128	1864	3.8	TEXT	2000 - 2025\07 2007_ibm_annual.pdf
2008	128	1540	4.4	TEXT	2000 - 2025\08 2008_ibm_annual.pdf
2009	136	1596	5.1	TEXT	2000 - 2025\09 2009_ibm_annual.pdf
2010	140	1510	8.8	TEXT	2000 - 2025\10 2010_ibm_annual.pdf
2011	148	1573	2.4	TEXT	2000 - 2025\11 2011_ibm_annual.pdf
2012	146	2343	2.3	TEXT	2000 - 2025\12 2012_ibm_annual.pdf
2013	154	1914	3.0	TEXT	2000 - 2025\13 2013_ibm_annual.pdf
2014	158	1476	5.1	TEXT	2000 - 2025\14 IBM-Annual-Report-2014.pdf
2015	156	1059	1.6	TEXT	2000 - 2025\15 IBM-Annual-Report-2015.pdf
2016	164	1703	5.5	TEXT	2000 - 2025\16 IBM-Annual-Report-2016.pdf
2017	154	2433	5.7	TEXT	2000 - 2025\17 IBM_Annual_Report_2017.pdf
2018	154	2598	4.8	TEXT	2000 - 2025\18 IBM_Annual_Report_2018.pdf
2019	146	2533	6.6	TEXT	2000 - 2025\19 IBM_Annual_Report_2019.pdf
2020	146	3046	2.7	TEXT	2000 - 2025\20 IBM_Annual_Report_2020.pdf
2021	144	2676	1.2	TEXT	2000 - 2025\21 IBM_Annual_Report_2021.pdf
2022	128	2910	1.9	TEXT	2000 - 2025\22 IBM_Annual_Report_2022.pdf
2023	128	2564	5.0	TEXT	2000 - 2025\23 IBM_Annual_Report_2023.pdf
2024	128	2567	1.6	TEXT	2000 - 2025\24 IBM Annual report 2024.pdf
2025	124	1688	3.6	TEXT	2000 - 2025\25 IBM Annual Report 2025.pdf
