indexKey,indexName,sourceFile,period,quarter,date,indexLevel,periodTotalReturn,periodTotalReturnPct,cumulativeTotalReturnFromQ3_21,cumulativeTotalReturnPctFromQ3_21
sandp_technology_hardware_select_industry_index_tr,S&P Technology Hardware Select Industry Index (TR),PerformanceGraphExport.xls,Q4'21,Q4'21,12/31/2021,2912,0.050558,5.06,0.050558,5.06
sandp_technology_hardware_select_industry_index_tr,S&P Technology Hardware Select Industry Index (TR),PerformanceGraphExport.xls,Q1'22,Q1'22,3/31/2022,2581.87,-0.113369,-11.34,-0.068542,-6.85
sandp_technology_hardware_select_industry_index_tr,S&P Technology Hardware Select Industry Index (TR),PerformanceGraphExport.xls,Q2'22,Q2'22,6/30/2022,2021.86,-0.216901,-21.69,-0.270576,-27.06
sandp_technology_hardware_select_industry_index_tr,S&P Technology Hardware Select Industry Index (TR),PerformanceGraphExport.xls,Q3'22,Q3'22,9/30/2022,1881.11,-0.069614,-6.96,-0.321355,-32.14
sandp_technology_hardware_select_industry_index_tr,S&P Technology Hardware Select Industry Index (TR),PerformanceGraphExport.xls,Q4'22,Q4'22,12/30/2022,1976.84,0.05089,5.09,-0.286818,-28.68
sandp_technology_hardware_select_industry_index_tr,S&P Technology Hardware Select Industry Index (TR),PerformanceGraphExport.xls,Q1'23,Q1'23,3/31/2023,2320.56,0.173873,17.39,-0.162815,-16.28
sandp_technology_hardware_select_industry_index_tr,S&P Technology Hardware Select Industry Index (TR),PerformanceGraphExport.xls,Q2'23,Q2'23,6/30/2023,2729.73,0.176324,17.63,-0.015199,-1.52
sandp_technology_hardware_select_industry_index_tr,S&P Technology Hardware Select Industry Index (TR),PerformanceGraphExport.xls,Q3'23,Q3'23,9/29/2023,2537.02,-0.070597,-7.06,-0.084723,-8.47
sandp_technology_hardware_select_industry_index_tr,S&P Technology Hardware Select Industry Index (TR),PerformanceGraphExport.xls,Q4'23,Q4'23,12/29/2023,2827.43,0.114469,11.45,0.020048,2
sandp_technology_hardware_select_industry_index_tr,S&P Technology Hardware Select Industry Index (TR),PerformanceGraphExport.xls,Q1'24,Q1'24,3/28/2024,3310.02,0.170682,17.07,0.194151,19.42
sandp_technology_hardware_select_industry_index_tr,S&P Technology Hardware Select Industry Index (TR),PerformanceGraphExport.xls,Q2'24,Q2'24,6/28/2024,3391.49,0.024613,2.46,0.223543,22.35
sandp_technology_hardware_select_industry_index_tr,S&P Technology Hardware Select Industry Index (TR),PerformanceGraphExport.xls,Q3'24,Q3'24,9/30/2024,3405.36,0.00409,0.41,0.228547,22.85
sandp_technology_hardware_select_industry_index_tr,S&P Technology Hardware Select Industry Index (TR),PerformanceGraphExport.xls,Q4'24,Q4'24,12/31/2024,3858.72,0.133131,13.31,0.392105,39.21
sandp_technology_hardware_select_industry_index_tr,S&P Technology Hardware Select Industry Index (TR),PerformanceGraphExport.xls,Q1'25,Q1'25,3/31/2025,3259.64,-0.155254,-15.53,0.175976,17.6
sandp_technology_hardware_select_industry_index_tr,S&P Technology Hardware Select Industry Index (TR),PerformanceGraphExport.xls,Q2'25,Q2'25,6/30/2025,4092.93,0.255639,25.56,0.476601,47.66
sandp_technology_hardware_select_industry_index_tr,S&P Technology Hardware Select Industry Index (TR),PerformanceGraphExport.xls,Q3'25,Q3'25,9/30/2025,4835.68,0.181471,18.15,0.744561,74.46
sandp_technology_hardware_select_industry_index_tr,S&P Technology Hardware Select Industry Index (TR),PerformanceGraphExport.xls,Q4'25,Q4'25,12/31/2025,4910.64,0.015501,1.55,0.771605,77.16
sandp_technology_hardware_select_industry_index_tr,S&P Technology Hardware Select Industry Index (TR),PerformanceGraphExport.xls,Q1'26,Q1'26,3/31/2026,5496.24,0.119251,11.93,0.982871,98.29
sandp_technology_hardware_select_industry_index_tr,S&P Technology Hardware Select Industry Index (TR),PerformanceGraphExport.xls,Q2'26,Q2'26,6/30/2026,8564.15,0.558183,55.82,2.089676,208.97
sandp_technology_hardware_select_industry_index_tr,S&P Technology Hardware Select Industry Index (TR),PerformanceGraphExport.xls,Current,Q3'26,7/2/2026,7903.07,-0.077192,-7.72,1.851179,185.12
sandp_500_information_technology_sector_tr,S&P 500 Information Technology (Sector) (TR),PerformanceGraphExport(1).xls,Q4'21,Q4'21,12/31/2021,3864.72,0.166902,16.69,0.166902,16.69
sandp_500_information_technology_sector_tr,S&P 500 Information Technology (Sector) (TR),PerformanceGraphExport(1).xls,Q1'22,Q1'22,3/31/2022,3541.73,-0.083574,-8.36,0.069379,6.94
sandp_500_information_technology_sector_tr,S&P 500 Information Technology (Sector) (TR),PerformanceGraphExport(1).xls,Q2'22,Q2'22,6/30/2022,2824.83,-0.202415,-20.24,-0.14708,-14.71
sandp_500_information_technology_sector_tr,S&P 500 Information Technology (Sector) (TR),PerformanceGraphExport(1).xls,Q3'22,Q3'22,9/30/2022,2649.49,-0.062071,-6.21,-0.200021,-20
sandp_500_information_technology_sector_tr,S&P 500 Information Technology (Sector) (TR),PerformanceGraphExport(1).xls,Q4'22,Q4'22,12/30/2022,2775.12,0.047417,4.74,-0.162089,-16.21
sandp_500_information_technology_sector_tr,S&P 500 Information Technology (Sector) (TR),PerformanceGraphExport(1).xls,Q1'23,Q1'23,3/31/2023,3380.57,0.218171,21.82,0.020719,2.07
sandp_500_information_technology_sector_tr,S&P 500 Information Technology (Sector) (TR),PerformanceGraphExport(1).xls,Q2'23,Q2'23,6/30/2023,3962.17,0.172042,17.2,0.196325,19.63
sandp_500_information_technology_sector_tr,S&P 500 Information Technology (Sector) (TR),PerformanceGraphExport(1).xls,Q3'23,Q3'23,9/29/2023,3738.56,-0.056436,-5.64,0.128809,12.88
sandp_500_information_technology_sector_tr,S&P 500 Information Technology (Sector) (TR),PerformanceGraphExport(1).xls,Q4'23,Q4'23,12/29/2023,4380.31,0.171657,17.17,0.322577,32.26
sandp_500_information_technology_sector_tr,S&P 500 Information Technology (Sector) (TR),PerformanceGraphExport(1).xls,Q1'24,Q1'24,3/28/2024,4936.01,0.126863,12.69,0.490364,49.04
sandp_500_information_technology_sector_tr,S&P 500 Information Technology (Sector) (TR),PerformanceGraphExport(1).xls,Q2'24,Q2'24,6/28/2024,5617.45,0.138055,13.81,0.696116,69.61
sandp_500_information_technology_sector_tr,S&P 500 Information Technology (Sector) (TR),PerformanceGraphExport(1).xls,Q3'24,Q3'24,9/30/2024,5707.89,0.0161,1.61,0.723423,72.34
sandp_500_information_technology_sector_tr,S&P 500 Information Technology (Sector) (TR),PerformanceGraphExport(1).xls,Q4'24,Q4'24,12/31/2024,5983.93,0.048361,4.84,0.806769,80.68
sandp_500_information_technology_sector_tr,S&P 500 Information Technology (Sector) (TR),PerformanceGraphExport(1).xls,Q1'25,Q1'25,3/31/2025,5226.7,-0.126544,-12.65,0.578134,57.81
sandp_500_information_technology_sector_tr,S&P 500 Information Technology (Sector) (TR),PerformanceGraphExport(1).xls,Q2'25,Q2'25,6/30/2025,6465.74,0.23706,23.71,0.952246,95.22
sandp_500_information_technology_sector_tr,S&P 500 Information Technology (Sector) (TR),PerformanceGraphExport(1).xls,Q3'25,Q3'25,9/30/2025,7318.89,0.131949,13.19,1.209843,120.98
sandp_500_information_technology_sector_tr,S&P 500 Information Technology (Sector) (TR),PerformanceGraphExport(1).xls,Q4'25,Q4'25,12/31/2025,7422.66,0.014178,1.42,1.241175,124.12
sandp_500_information_technology_sector_tr,S&P 500 Information Technology (Sector) (TR),PerformanceGraphExport(1).xls,Q1'26,Q1'26,3/31/2026,6744.95,-0.091303,-9.13,1.036549,103.65
sandp_500_information_technology_sector_tr,S&P 500 Information Technology (Sector) (TR),PerformanceGraphExport(1).xls,Q2'26,Q2'26,6/30/2026,8889.22,0.317907,31.79,1.683984,168.4
sandp_500_information_technology_sector_tr,S&P 500 Information Technology (Sector) (TR),PerformanceGraphExport(1).xls,Current,Q3'26,7/2/2026,8598.84,-0.032667,-3.27,1.596307,159.63
sandp_software_and_services_select_industry_index_tr,S&P Software & Services Select Industry Index (TR),PerformanceGraphExport(2).xls,Q4'21,Q4'21,12/31/2021,15546.56,-0.034284,-3.43,-0.034284,-3.43
sandp_software_and_services_select_industry_index_tr,S&P Software & Services Select Industry Index (TR),PerformanceGraphExport(2).xls,Q1'22,Q1'22,3/31/2022,13830.05,-0.110411,-11.04,-0.14091,-14.09
sandp_software_and_services_select_industry_index_tr,S&P Software & Services Select Industry Index (TR),PerformanceGraphExport(2).xls,Q2'22,Q2'22,6/30/2022,10437.93,-0.245272,-24.53,-0.35162,-35.16
sandp_software_and_services_select_industry_index_tr,S&P Software & Services Select Industry Index (TR),PerformanceGraphExport(2).xls,Q3'22,Q3'22,9/30/2022,10061.03,-0.036109,-3.61,-0.375032,-37.5
sandp_software_and_services_select_industry_index_tr,S&P Software & Services Select Industry Index (TR),PerformanceGraphExport(2).xls,Q4'22,Q4'22,12/30/2022,10230.59,0.016853,1.69,-0.3645,-36.45
sandp_software_and_services_select_industry_index_tr,S&P Software & Services Select Industry Index (TR),PerformanceGraphExport(2).xls,Q1'23,Q1'23,3/31/2023,11605.93,0.134434,13.44,-0.279067,-27.91
sandp_software_and_services_select_industry_index_tr,S&P Software & Services Select Industry Index (TR),PerformanceGraphExport(2).xls,Q2'23,Q2'23,6/30/2023,12568.35,0.082925,8.29,-0.219283,-21.93
sandp_software_and_services_select_industry_index_tr,S&P Software & Services Select Industry Index (TR),PerformanceGraphExport(2).xls,Q3'23,Q3'23,9/29/2023,11977.68,-0.046997,-4.7,-0.255974,-25.6
sandp_software_and_services_select_industry_index_tr,S&P Software & Services Select Industry Index (TR),PerformanceGraphExport(2).xls,Q4'23,Q4'23,12/29/2023,14211.78,0.186522,18.65,-0.117197,-11.72
sandp_software_and_services_select_industry_index_tr,S&P Software & Services Select Industry Index (TR),PerformanceGraphExport(2).xls,Q1'24,Q1'24,3/28/2024,14708.87,0.034977,3.5,-0.086319,-8.63
sandp_software_and_services_select_industry_index_tr,S&P Software & Services Select Industry Index (TR),PerformanceGraphExport(2).xls,Q2'24,Q2'24,6/28/2024,14273.55,-0.029596,-2.96,-0.11336,-11.34
sandp_software_and_services_select_industry_index_tr,S&P Software & Services Select Industry Index (TR),PerformanceGraphExport(2).xls,Q3'24,Q3'24,9/30/2024,15188.56,0.064105,6.41,-0.056522,-5.65
sandp_software_and_services_select_industry_index_tr,S&P Software & Services Select Industry Index (TR),PerformanceGraphExport(2).xls,Q4'24,Q4'24,12/31/2024,17874.87,0.176864,17.69,0.110345,11.03
sandp_software_and_services_select_industry_index_tr,S&P Software & Services Select Industry Index (TR),PerformanceGraphExport(2).xls,Q1'25,Q1'25,3/31/2025,15137.52,-0.15314,-15.31,-0.059693,-5.97
sandp_software_and_services_select_industry_index_tr,S&P Software & Services Select Industry Index (TR),PerformanceGraphExport(2).xls,Q2'25,Q2'25,6/30/2025,17963.89,0.186713,18.67,0.115875,11.59
sandp_software_and_services_select_industry_index_tr,S&P Software & Services Select Industry Index (TR),PerformanceGraphExport(2).xls,Q3'25,Q3'25,9/30/2025,18722.69,0.04224,4.22,0.16301,16.3
sandp_software_and_services_select_industry_index_tr,S&P Software & Services Select Industry Index (TR),PerformanceGraphExport(2).xls,Q4'25,Q4'25,12/31/2025,17732.99,-0.052861,-5.29,0.101532,10.15
sandp_software_and_services_select_industry_index_tr,S&P Software & Services Select Industry Index (TR),PerformanceGraphExport(2).xls,Q1'26,Q1'26,3/31/2026,13496.49,-0.238905,-23.89,-0.16163,-16.16
sandp_software_and_services_select_industry_index_tr,S&P Software & Services Select Industry Index (TR),PerformanceGraphExport(2).xls,Q2'26,Q2'26,6/30/2026,16284.8,0.206595,20.66,0.011574,1.16
sandp_software_and_services_select_industry_index_tr,S&P Software & Services Select Industry Index (TR),PerformanceGraphExport(2).xls,Current,Q3'26,7/2/2026,16764.51,0.029458,2.95,0.041372,4.14
sandp_500_it_services_industry_tr,S&P 500 IT Services (Industry) (TR),PerformanceGraphExport(3).xls,Q4'21,Q4'21,12/31/2021,824.15,0.001556,0.16,0.001556,0.16
sandp_500_it_services_industry_tr,S&P 500 IT Services (Industry) (TR),PerformanceGraphExport(3).xls,Q1'22,Q1'22,3/31/2022,748.57,-0.091707,-9.17,-0.090294,-9.03
sandp_500_it_services_industry_tr,S&P 500 IT Services (Industry) (TR),PerformanceGraphExport(3).xls,Q2'22,Q2'22,6/30/2022,646.79,-0.135966,-13.6,-0.213983,-21.4
sandp_500_it_services_industry_tr,S&P 500 IT Services (Industry) (TR),PerformanceGraphExport(3).xls,Q3'22,Q3'22,9/30/2022,612.61,-0.052846,-5.28,-0.25552,-25.55
sandp_500_it_services_industry_tr,S&P 500 IT Services (Industry) (TR),PerformanceGraphExport(3).xls,Q4'22,Q4'22,12/30/2022,671.39,0.09595,9.6,-0.184087,-18.41
sandp_500_it_services_industry_tr,S&P 500 IT Services (Industry) (TR),PerformanceGraphExport(3).xls,Q1'23,Q1'23,3/31/2023,721.47,0.074592,7.46,-0.123227,-12.32
sandp_500_it_services_industry_tr,S&P 500 IT Services (Industry) (TR),PerformanceGraphExport(3).xls,Q2'23,Q2'23,6/30/2023,761.4,0.055345,5.53,-0.074702,-7.47
sandp_500_it_services_industry_tr,S&P 500 IT Services (Industry) (TR),PerformanceGraphExport(3).xls,Q3'23,Q3'23,9/29/2023,777.11,0.020633,2.06,-0.05561,-5.56
sandp_500_it_services_industry_tr,S&P 500 IT Services (Industry) (TR),PerformanceGraphExport(3).xls,Q4'23,Q4'23,12/29/2023,900.44,0.158703,15.87,0.094268,9.43
sandp_500_it_services_industry_tr,S&P 500 IT Services (Industry) (TR),PerformanceGraphExport(3).xls,Q1'24,Q1'24,3/28/2024,939.57,0.043457,4.35,0.141821,14.18
sandp_500_it_services_industry_tr,S&P 500 IT Services (Industry) (TR),PerformanceGraphExport(3).xls,Q2'24,Q2'24,6/28/2024,840.26,-0.105697,-10.57,0.021133,2.11
sandp_500_it_services_industry_tr,S&P 500 IT Services (Industry) (TR),PerformanceGraphExport(3).xls,Q3'24,Q3'24,9/30/2024,1004.23,0.195142,19.51,0.220399,22.04
sandp_500_it_services_industry_tr,S&P 500 IT Services (Industry) (TR),PerformanceGraphExport(3).xls,Q4'24,Q4'24,12/31/2024,1016.38,0.012099,1.21,0.235165,23.52
sandp_500_it_services_industry_tr,S&P 500 IT Services (Industry) (TR),PerformanceGraphExport(3).xls,Q1'25,Q1'25,3/31/2025,1006.65,-0.009573,-0.96,0.22334,22.33
sandp_500_it_services_industry_tr,S&P 500 IT Services (Industry) (TR),PerformanceGraphExport(3).xls,Q2'25,Q2'25,6/30/2025,1078.38,0.071256,7.13,0.310511,31.05
sandp_500_it_services_industry_tr,S&P 500 IT Services (Industry) (TR),PerformanceGraphExport(3).xls,Q3'25,Q3'25,9/30/2025,958.64,-0.111037,-11.1,0.164996,16.5
sandp_500_it_services_industry_tr,S&P 500 IT Services (Industry) (TR),PerformanceGraphExport(3).xls,Q4'25,Q4'25,12/31/2025,1024.23,0.06842,6.84,0.244705,24.47
sandp_500_it_services_industry_tr,S&P 500 IT Services (Industry) (TR),PerformanceGraphExport(3).xls,Q1'26,Q1'26,3/31/2026,817.33,-0.202005,-20.2,-0.006733,-0.67
sandp_500_it_services_industry_tr,S&P 500 IT Services (Industry) (TR),PerformanceGraphExport(3).xls,Q2'26,Q2'26,6/30/2026,779.31,-0.046517,-4.65,-0.052937,-5.29
sandp_500_it_services_industry_tr,S&P 500 IT Services (Industry) (TR),PerformanceGraphExport(3).xls,Current,Q3'26,7/2/2026,812.74,0.042897,4.29,-0.012311,-1.23
